,username,user_id
0,–°—Ç—ç–Ω–ª–∏ –ë–æ–ª–¥—É–∏–Ω,1598081030602330112
1,Alex Rozhkovskiy,1598078516305821701
2,–ö–∏—Ä–∏–ª–ª –ß–∏–≥–∏—Ä–∏–Ω,1729024562
3,–°–∞–Ω—è –°–∏—Ç–Ω–∏–∫–æ–≤,1598073875249725444
4,–®–∏–∑–∞ –ñ–∏–∑–∞,1598072342571352091
5,–°–µ—Ä–≥—ñ–π –î—É–¥—ñ–Ω,1556366859791994882
6,Jahongir,1590109064079544321
7,–Æ–ª–∏,1598069503124013066
8,Inna Faruseu,1598067534225461250
9,–ù–∏–∫–æ–ª–∞–π –°–µ—Ä–≥–µ–π–∫–æ,1492486714375520262
10,–ï–≤–≥–µ–Ω–∏–π –°–∞–≤–µ–Ω–∫–æ,1598063412759740416
11,VexyXD2,1598060438427734024
12,–ê–ª–µ–∫—Å–µ–π –°–æ–ª–æ–ø,1598057771303403522
13,–°–ª–∞–≤–∏–∫ –Ø–∫–æ–≤–ª–µ–≤,1598045637903323174
14,Evdenov1971,1595549691063795713
15,Yfhg Hdggf,1598047858858532864
16,vlad,1598048071170068515
17,–ü–æ–ª–∏–Ω–∞ –ë–µ–∑–∫–æ—Ä–æ–≤–∞–π–Ω–∞—è,1598047915100016655
18,Grubusis Remigijus,1598040812771844096
19,‚ùå–î–æ–∫—Ç–æ—Ä –ì–æ–Ω–∑√∂ ‚ùå ‚úä‚úåÔ∏è,1165977776878444544
20,–ê—Ä–∏—Å—Ç–∞—Ä—Ö –†–∞—Å—Ç–æ–ø—á–∏–Ω,972789846
21,–†–∞—è –®—É–±–∞–µ–≤–∞,1598034935088029696
22,@Ghost_COD,1590440885665284096
23,—Å–∞—à–∞,1597685071275778048
24,Plium,1598022225394864130
25,–ï–≥–æ—Ä –ì—Ä–∏–≥–æ—Ä—å–µ–≤,1597999395726819334
26,–°–µ—Ä–≥–µ–π –ü–µ—Ç—Ä–∞—à–µ–≤—Å–∫–∏–π,874572462737981440
27,Irina Chuyko,1598031680966692867
28,–ö–æ–Ω—Å—Ç–∞–Ω—Ç–∏–Ω –ë—É–±–ª–∏–∫,1593458529670676481
29,–í–æ–ª–æ–¥–∏–º–∏—Ä –ú–æ—Ü–Ω—é–∫,2903374965
30,Alicia Cobb,1593628334222721024
31,VaD VS,1590074695055036417
32,vlado savrun,1577304826597326850
33,–ê–Ω–¥—Ä–µ–π,1502006808545841169
34,ann_inwxq,1598008111800934402
35,Ura Urcenko,1598006554543915019
36,Braƒç Braƒçius,1597559144084545536
37,Heaven Insanity,1386230710277709824
38,–í–ª–∞–¥,1597997579429617665
39,–ú–∞—Ä—á–µ–Ω–∫–æ–≤–∞ –ï–ª–µ–Ω–∞,1200532388
40,–í–∏–¥–∞,1597986198622015489
41,marina shteynberg,1597954804948541441
42,–°–µ—Ä–∂ Revkin,1597983091817070593
43,Maryna,1597983243046903808
44,WhiteMan,1235950657653391360
45,Maria Lykholet,1577060835696017408
46,Afiq Bilalov,1597980668667072514
47,Roman Gabisonia,1597975081472458755
48,–ü–ª–∞—Ç,1539985003349688322
49,Peter Manelyuk,720655926
50,–ê–ª–µ–∫—Å–∞–Ω–¥—Ä,1595453001669525511
51,–Ü–≤–∞–Ω–Ω–∞ –ì—Ä–µ—á—É—Ö–∞,1528490099192877056
52,–í–ª–∞–¥–∏–º–∏—Ä –Æ–¥–∞–∫–æ–≤,750315955230769152
53,–ù–∏–∫–∏—Ç–∞,1597960474473250816
54,Dawn Jackson,1597959671284994053
55,Vadim,1525259214880485382
56,–°–µ—Ä–≥—ñ–π –¢–∫–∞—á–µ–Ω–∫–æ üá∫üá¶,340323595
57,very anxious mother,1597956710827687937
58,Vitold Geikin,1536228689326878720
59,Igor Fedorovskiy,1597943901150748674
60,Klauss Viterman,1597513746729033728
61,Valerii Hudkov,1594087066060656647
62,–ù—É—Ä–∫–∞–Ω–±–µ–∫,1594182634418085888
63,–ö–∞—Ä–∏–Ω–∞ –ê—Å–∞–Ω–∞–µ–≤–∞,1597913753005219840
64,Viktor Vangen,1597168585947979776
65,–í–∏–∫—Ç–æ—Ä,1597912300706578433
66,Helen Sindurka,1596913102737506304
67,–ì–∞–±—Ä–∏—ç–ª–ª–∞,1597901153580318720
68,Luda,1595723314785296384
69,–í–∞–ª–µ–Ω—Ç–∏–Ω–∞ –ü–µ—Ç—Ä–æ–≤–Ω–∞,1597892592359903232
70,–¢–µ–º–∞,1597896414557880320
71,Zekastrom & Andropov,1597894760420737025
72,–ù–∞—Ç–∞—à–∞ –®–≤–∏–¥–∫–∞—è,1597889346551652353
73,–î–µ–Ω–µ–≥ –Ω–µ—Ç. –µ–±.. —Å—å –∫–∞–∫ —Ö–æ—Ç–∏—Ç–µ,1169973373889327105
74,Victor nyanzure,1597167468996345858
75,–Ø –Ω–µ —Å–∫–∞–∂—É —Å–≤–æ–µ –∏–º—è –º–∞—à–∏–Ω–µ,1314664740694695943
76,Alexander Griner,1597870900933795840
77,daganifunenewo,1597869394314551296
78,–ö–æ–∂–æ–º–∫—É–ª,1597863783925485569
79,renesmil,1597862641074069504
80,–ê–Ω–∞—Å—Ç–∞—Å–∏—è –ö–∞—á–∞–Ω,1597863440743370753
81,Vlad Poludnenko,1597857922238783488
82,joedassin,1597672425524793346
83,Dedeisetote,1597854332787036160
84,Sergii,1597851549031698433
85,–ë–µ–ª–∞—è ü•§,1513173512
86,–í–∏—Ç—è,1597848146515841025
87,google,1597841671428968448
88,Dari,1597842631941300226
89,Ruslan Soroka,1597295326813196288
90,–ê–ª–µ–∫—Å–µ–π –í–æ–ª–æ–∂–∞–Ω–∏–Ω,1597840444263735296
91,–î–æ–Ω–µ—Ü–∫–∏–π 25,2207874107
92,noupotaniwumur,1597840056261255168
93,worldcitizen_uaüá∫üá¶,876795822754721793
94,Lesia Bereziuk,1591160543703957519
95,na,1597832780691300353
96,–°–µ—Ä–≥–µ–π –¶–∏–∫—É–Ω–∫–æ–≤,1119955044156223488
97,Vi,1497617845982744580
98,Ticu,2968228084
99,Erbol –î–∞–±–∞,1588343270786080768
100,segeqerasapu,1597805190962417666
101,–ê–ª–µ–∫—Å–∞–Ω–¥—Ä–∞ –ú–∞–∫–µ–¥–æ–Ω–µ—Ü,2468223038
102,rofetellupotoen,1597798822020882433
103,Simeon Andonoff,1200785898515943426
104,tiinafecin,1597792100178960384
105,bavovna,1539316491547549697
106,boniteduzi,1597778586114658304
107,–ì—Ä–∏–≥–æ—Ä–∏–π –ß—É—Ä–ø–∏–π,1597777704903999489
108,vosaletoerumof,1597777148730916864
109,–Æ—Ä–∞ –ü–µ—Ç–ª—é—Ä–∞,1597088601371824128
110,Napitozixage,1597776900860133379
111,—é—Ä–∏–π –∫–æ–∫,934096050356391936
112,VPol,1597769855654154242
113,Roneceneten,1597738888415641602
114,–ú–∞—Ä–∏—è –ê–¥–∞–º–æ–≤–∏—á,1597737762123300864
115,–§–∞–∏–Ω–∞,1597737901323964417
116,Alexander Kapronenko,1518081630375665669
117,ebutvoyumamu,1385976349991612417
118,hiocilosuw,1597728013457694721
119,–ú–∏—Ä–æ—Å–ª–∞–≤–∞,1597705458416029697
120,–°—Ç–∞—Å –í–µ—Ä–≥—É–Ω,1500343062131785733
121,andrei_80,121714967
122,Rus,1597230892333801474
123,DIGITALÓ®ÄNEWS,1518399969115443200
124,–í–ª–∞–¥–∏—Å–ª–∞–≤–∞,1597713806184030208
125,–†–∞—è –ê–≥–∞–µ–≤–∞,1597712724208848896
126,V19,1562874915103338496
127,Anya,1597696487735050241
128,–ú–∞—Ö–º—É–¥,1594007147716780034
129,Dmytro Vorotnikov,1560870491476344832
130,Kevin,1597353840650625024
131,Evgen Bar,1592936233147289604
132,NFT_LRCO | Binanceüõí,1501629506536280064
133,–†–æ–º–∞–Ω –ü–æ–≥—Ä—ñ–±–Ω–∏–π,1597493880349401089
134,Liulchenko Serhii,191045705
135,–ë–∏–ª–ª–∏ –•—É–ª–∏–ì–ê–ù–°,1500505770315636736
136,–î—ñ–º–∞ –†–∏–∂–∏–π,1592138339238514688
137,Hachi,1597674802541641732
138,Traktors,1597653568647045121
139,DoctorYarik,1399657882367541252
140,Kawasak1y,1597663972144168960
141,Vaida,1497582597941174285
142,Misha Konovalenko,1597663460250337280
143,Andrei D√Ænga,1597661666241568768
144,Roman,1586421479729766404
145,–ê–ª–µ–∫—Å–∞–Ω–¥—Ä,990131927926673408
146,Oleg Fabyanchuk,1587496071777103872
147,–û–ª–µ–≥ –ë–∞—Ç—É—Ä–∏–Ω,1597655344305561604
148,Uliya Filippova,1597562912025059328
149,–û–ª—å–≥–∞ –ö.,459293993
150,‚úõ ùñáùñÜùñòùñäùñâ ‚úõ,1597642906625531904
151,Elsie Henrity,1597649878003351559
152,Roma Skripchenko,3046430676
153,Rostik Masniy,1541454019599781888
154,kira_oline,1596856039978188803
155,–ï–ª–µ–Ω–∞,1583119349870694401
156,–≠–¥—É–∞—Ä–¥ –®–µ–≤—á–µ–Ω–∫–æ (SEA),1597625276887961601
157,–ú–∞—Ä–≥–∞—Ä–∏—Ç–∞ –ö—Ä—ã–ª–æÃÅ–≤–∞,1571165437752131585
158,–¢–∞—Ç—å—è–Ω–∞ –ö—Ä–æ–∫–≤–∞,1597588204533825536
159,Anusca Gusacova,1597616461790564355
160,Liza,1353820214195056643
161,–ï–≥–æ—Ä,1597159952908533760
162,–¥–∏–º–∞ —Å—Ç—Ä–∞–Ω–∞–¥–∫–æ,1501595800312369157
163,–Æ—Ä–∞,1597548447661522944
164,giorgi,1597606570623369217
165,Asat Rayimbay,1594365950719152128
166,–ù–∏–∫–∞ –ö–∞–ª–∏–Ω–±–µ—Ç,1593956991935938561
167,–¢—É—Ä–∞–ª –ó–µ–π–Ω–∞–ª–ª—ã,1597594928380579842
168,jorge gonsales,1508863388851580935
169,–°–≤–µ—Ç–ª–∞–Ω–∞ –í–µ—Ä–µ—â–∞–∫,1597448210393534467
170,Octav,1597595119347187713
171,—Åhyfi,1028392405
172,noname,120705490
173,Motial,1597582498040520708
174,Alex Kot,1587298004712787970
175,Pan Mykyta,819977571618144256
176,Jaromir,1597566112224395266
177,Redd Straykers,1523966280566554625
178,Victoria Feschuk,1370460048107966469
179,Janis Sterninieks,1590359696786980865
180,Bodleian Libraries,135441822
181,–í–∏—Ç–∞–ª–∏–π,434018824
182,Courtney Miller,1597553159806898179
183,Max,71209696
184,TheMatya,1597550100972277760
185,bananenko,144607695
186,–í–∞–ª–µ—Ä–∏–π –ü–∞–≤–ª–æ–≤,3186330292
187,Semyon Tselniker,2358382959
188,–ê–Ω–∏–ø–∞ –ö–∞—á—ã–±–µ–∫–æ–≤–∞,1597539284353007617
189,Adrian tapciuc,1360864036338941956
190,AnnaAnna,1496895913620606984
191,–ï–ª–µ–Ω–∞ –ó–∞—Ö–∞—Ä–æ–≤–∞,1580364478893260802
192,Smolyakov Valery,280351257
193,Kirills Turlisovs,1597509239345389568
194,pler1505,2329693024
195,AY,1151452743229431809
196,Svitlana Stetsiuk,1499807472256757768
197,Nemira Pumprickaitƒó,1589885765479170048
198,–†–æ—Å—Ç,817453805424013312
199,CitizenCat,735258679
200,Anaida Korotaeva,1596881627979939848
201,–ò–ª—å–≥–∞—Ä –ö—Ä—É–ø,1597494867801907202
202,–õ—é–¥–º–∏–ª–∞,1222622094
203,Slapper l,1587837305624092673
204,Sandra Utermane,1597225004181102592
205,–°—Ç–∞—Å,249337237
206,Vadim Kolesnyk,1592236191956566016
207,–≠–º–∏–ª–∏—è,1597478149318647808
208,Brick,1479841474476969984
209,–ë–∞–≥–∞—á –í–µ—Ä–æ–Ω—ñ–∫–∞,1597474841216651264
210,–ú–∞–∫—Å–∏–º,1346885766039941125
211,Viktor Kuznecov,1593529960773337089
212,_hs_ hto,1597466988028338176
213,Aleksandr Marushchak,1597461252191784960
214,–ú–∏—Ä–æ—Å–ª–∞–≤ –°–∞—Ä–º–∞—Ç,3435245098
215,–∞–Ω—Ç–æ–Ω–∏–Ω–∞ –ª–∞–≤—Ä–∏—Å—é–∫,874935882
216,Dinas Buƒças,1496455349934690314
217,342Shaman,2772700347
218,Stefanie Elli,1597449287738220546
219,redita,715526338669580288
220,Svetlana Gunel,2704214803
221,–≤–∞—Ä–≤–∞—Ä–∞–º–∞—Ä—É—Å—è,1091081354824036354
222,aleko axaladze,1502477002141536258
223,BESPREDELLNITSA,1213310685364408320
224,–í—ñ–∫—Ç–æ—Ä,1597395938171027456
225,–ê—É—Ä–µ–ª–∏—è,1597397553674338306
226,Konstantin Osa,1477573658054963202
227,Ochlamen,1401549994696523776
228,–¢–∞–Ω—è –ú–æ—Ö–Ω–æ,1573264533610708993
229,–Ø–Ω–∏—Ç–∞,1597375344285212674
230,Eduard,1597375118740709376
231,–ó–ª–æ–π —Ö–æ–º—è–∫ üêπ,170695329
232,Ceher üá∫üá¶,1356558724098371590
233,Max,1191410679108046848
234,Vanil gros,1597361579791712256
235,–ü—Ç–∏—á—å–∏ –ø—Ä–∞–≤–∞,1583392596684152832
236,Viktor,1118089639187963905
237,Lipsky Volodymyr,1577107669533458442
238,–ù–∞–¥—ñ—è –°—Ç–∞–Ω—ñ—à,1499421188271054851
239,Alexey Koreshkov,968354732
240,–≠–¥–∏—Ç–∞,1597344063275106304
241,ZAZA,1586038093580222465
242,–°–∞—à–∞ –ö—É—à–Ω–∏—Ä,1597331140133666822
243,–î–∞—à–∞,1597329816763731968
244,Andr_Port,1597329116365295617
245,–û–ª–µ–≥ –ó–∞—Ö–∞—Ä—á—É–∫,1597312060374802432
246,–†–∞–¥—ñ–æ RESPECT,1352344939947028488
247,soso beridze,1527604724329066497
248,Volodimir Fedas,1596593131977326594
249,–û–ª–µ–≥ –ë–∞—Ä—Ç—É—à,1597308304530751489
250,Nikola Weyman,1597308584500641792
251,–í–æ–ª–æ–¥–∏–º–∏—Ä ‡•ê,1592234369414037512
252,–ê–Ω–¥—Ä–µ–π,1597305475191738369
253,–°–µ—Ä–≥–µ–π,1591804332105768962
254,–ú–∏—Ö–∞–∏–ª,1597280488640618499
255,JƒÅnis ƒÄbrams,1597290215252557825
256,–í–∞–Ω—è –ü–∞–≤–ª–∏–∫,1586641975704428544
257,–ú—ñ—Ö–µ–ª—ñ–Ω–∞,1596863304739192832
258,Tatii,1597288577456640001
259,Oleg the lilfix,1157590034498891777
260,Guntars Stulbergs,1593848621434290178
261,Petr Her,1567264724307296256
262,–Ø—Ä–æ—Å–ª–∞–≤–∞ –ó—É–±—á–∏–Ω—Å–∫–∞—è,1595354921314013184
263,@lbgsn,1496003143041273860
264,–¢–∞—Ä–∞—Å –ì–ª—É–¥–∏–∫,875727325022875649
265,–í–ª–∞–¥–∏–º–∏—Ä –ú–∏—Ö–∞–π–ª–æ–≤,1227460654640095236
266,–ú–∏—Ö–∞–∏–ª –ú.–ú.,242851762
267,Artur,33842620
268,–õ—é–¥–º–∏–ª–∞,1597265537028980743
269,–û–ª—å–≥–∞,1593467188396101634
270,–ê–Ω–Ω–∞ –ö—É–∑–Ω–µ—Ü–æ–≤–∞,1546402624961974275
271,–£–ª—å—è–Ω–∞,1597257921058021380
272,Valers Cernij,1597252713439547394
273,Andrei Patrascu,1597247942892584966
274,Alexandr Tihovschi,1500627795747221512
275,–°–ª–∞–≤–∞ –ë—É—Ç–µ–Ω–∫–æ,396323968
276,Sobesednik88,1597240492428709890
277,–ú–∞—Ä–∏—è –•–º–µ–ª—å–Ω–∏—Ü–∫–∞—è,1596828788624596992
278,Olivia,1597237449146732545
279,Oksana Vlasuk,1597233060969431041
280,–û–ª–µ–∫—Å–∞–Ω–¥—Ä,1080482654280212481
281,Andre Saint-Luc,1594217085248458752
282,Semyon69,1597220681053249539
283,–°—Ç–∞—Ä–∏–π –ü—ñ—Ä–∞—Ç,202952625
284,Kateryna Trotsenko,1597210215858016256
285,Dima,1597217555239899138
286,tanikk88,1597211384076451842
287,–ù–∏–∫–æ–ª–∞–π –í–æ—Ä–æ–Ω–∏–Ω,466622814
288,Viktoriia Kravetsüá∫üá¶,1595481263519023105
289,–ò—Ö—Ç–∏—ë—Ä,1597191463506526209
290,–ù–∏–∫–æ–ª–∞–π –ì–∞–ª–∏–º–æ–≤,1597189297890856960
291,–ò–≤–∞–Ω,1300770568346783745
292,liywka,2729525472
293,Roman Lisnychyi,1595568272413442052
294,Jennifer Phillips,1597178342167527424
295,MiGa,1596899912943271940
296,Peter,1596992119473840130
297,–ùabib Ahmad,323339766
298,Maria Savenkova,1497295772114731019
299,–º–∞—à–∏–Ω–∞ –¥–∏–Ω–∞–º–æ,1597170793812729864
300,Igor,1594408676634161154
301,Lisa Dorris,1597166042601689088
302,Ilshat Kinyabay,1562144245892452352
303,Galina,1152536299
304,Julik,1172394011128029184
305,b.g.,1590443605210054658
306,@Klevij-70,1548259280582610944
307,Mi Xa,1526881526511722498
308,Vladimir_ops,1597128489152413697
309,Apple Id,1597124014153076737
310,–ù–∞—Ç–∞–ª—å—è –î–∞–≤—Ç—è–Ω,1587494681331605506
311,Elena Galishevskaya,1595374585511297024
312,–ù–µ–ª–ª–∏,1597117865399828481
313,Yelin Ihar,1575306538998267911
314,Armen,3394814899
315,–õ–µ—Å—è –¢–æ—Å–∫—É—á–µ–≤–∞,1597106693753667584
316,Danil,1597102892586090498
317,BORIS RUSSOVSKY,1596754544750370816
318,Mark,1387294050705940480
319,–ú–∞–∫—Å–∏–º –ö–∞—Ä–ø–æ–≤,1586044409568759810
320,Victoria Talay,1593114903463837696
321,Lela Giorgobiani,1509237189170929672
322,–ö–ª–∞–≤–¥–∏—è –ö–∞–∑–∞–∫–æ–≤–∞,1603468393
323,Olga Kyyivska,1597030289628401664
324,Viking Ulfhednar,1116698579257704449
325,Anatol Pokorski,2450163006
326,–í–ª–∞–¥–∏—Å–ª–∞–≤ –ü–æ—Ö–æ–ª—é–∫,1597008010353807360
327,Olga Roetckaia,212995129
328,Andrey Gutov,1578124307103989761
329,Maxym Batalov,1596992506310365184
330,SENK77,1438019029
331,–ò–≥–æ—Ä—å –®–∏—à–∫–æ,1451575583306100741
332,eently,1555845281597489153
333,Rusu Alexandru,235173580
334,Kihara,1215376471704981504
335,Anatolii Kostyna,1596983988295532546
336,G. Mielnikiewicz,1593625242504667141
337,–ë–æ–ª—å –ü–æ–≥–±–∞,736614229072089088
338,Andris Tobiess,2980453289
339,shkelek,1596571789777403907
340,–ê–Ω–¥—Ä—ñ–π üá∫üá¶üá∫üá∏üá¨üáßüá®üá¶üá™üá∫,1589385672963547136
341,ÿØÿßÿ±ŸäŸÜ,1594454692456763393
342,–û–ª–µ–∫—Å–∞–Ω–¥—Ä –î—ñ–¥–µ–Ω–∫–æ,1596976431963295744
343,Natasha Andrews üõ∏,1594583115380379648
344,Tatiana Shevchuk,1592588772931244035
345,Stas Bojko,1596975648798609411
346,liliia,1596975868437487616
347,–ê–Ω–¥—Ä—ñ–π –°–æ–≤—Ç—É—Å,1596967201705279490
348,JeSeTeR,1401158143208472577
349,kraizi top,1596963307679891461
350,–≠–ª–æ–∏–∑–∞,1596963805694763010
351,Liv Murray,1546219792683749378
352,Vija Ozola,1596952751996653571
353,yana,1596940926810824707
354,Meir,1596955128715698180
355,–Æ–ª–∏—è –ú–∏—Å—è–π–ª–æ,1596956375384576004
356,Shehriyar Aliyev,1547671541462118402
357,Kaspars,1596950283560566786
358,–ê–¥–µ–∫—Å–∞–Ω–¥—Ä –ò–≤–∞—â–µ–Ω–∫–æ,1596954763484188674
359,–ê–ª–µ–∫—Å–∞–Ω–¥—Ä –ú–∏–∑—é–∫,2194296011
360,–ù–∞—Å—Ç—è,1596953950443429888
361,MAttze E,2946686555
362,–õ–µ–æ–Ω—ñ–¥ –ñ—É—Ä–∞–≤–µ–ª—å,1596937388072263680
363,Igor,1596924000512385025
364,–ê—Ä—Ç–µ–º,1577774555338252289
365,Rodica Kohaniuk,1497999103866937350
366,–õ–Æ–ë–ê,1440744624071401479
367,Yuliia,1553012060346322948
368,–ü–∞–≤–µ–ª –°–µ–¥–æ–≤,2814915854
369,Bakha Agaev,1591142362557911046
370,vakhtang nemsadze,848747386507845633
371,–í–∏–∫—Ç–æ—Ä–∏—è –ü–∞–Ω–∫—Ä–∞—Ç–æ–≤–∞,1596929848978690049
372,ÁæéÁéâÂ•≥ÁéãÔºåÂñúÂõõÁà±Á••ÊÉÖÁúãÈ°µ,1594736598180052992
373,sem1212,1596921882170851328
374,–Ü–ª–ª—è –†—ñ–π,1596921383845613571
375,Bark,1596910266255548418
376,–í—è—á–µ—Å–ª–∞–≤ –§—ë–î–æ—Ä–æ–≤–∏—á ( ftlpu ),500889743
377,Vik,2190407829
378,Dmitry Klempner,1595417889661591553
379,Martin Rock,1584620080775811073
380,–ú–∞–∫—Å–∏–º –¢–æ–ª–∫–∞—á–æ–≤,1596915028229341184
381,Sergey Valentinovih Serbulov,1593642155624615937
382,–í–æ–ª—å–¥–µ–º–∞—Ä,1596909419182309377
383,–ê—Ä–∞—Ä–∞—Ç –ê—Ä—É—Ç—é–Ω—è–Ω,1588888312567283713
384,–ê–ª–µ–∫—Å–∞–Ω–¥—Ä –ö–æ—Ä—á–µ–≤—Å–∫–∏–π,1487411130712608775
385,Kostyantin Ganyk,1524723271714975744
386,Elena Kurpek,1591536514072207360
387,NickZ,1596433759800279041
388,–ê–Ω—Ç–æ–Ω –ì–æ–Ω—á–∞—Ä–ø—Ä,1514631910642827269
389,–í–∞–¥–∏–º,1594397952629387264
390,–õ–µ–≤ –¢–æ–ª—Å—Ç–æ–π,1596878986734444546
391,–°–µ–ª—å–¥—å—Ö–≤–æ—Å—Ç–æ—Ä–≥,917962212001665024
392,Viktoria Gricko,1591733347444822016
393,–ê–ª–µ–∫—Å–∞–Ω–¥—Ä,374147214
394,–ú–∞–∫—Å–∏–º –ù–µ—Å—Ç–µ—Ä–æ–≤,1596860039121326080
395,Tetiana,1467103882023260171
396,Vladimir Turcan,1596857008321339392
397,–í–∏–∫—Ç–æ—Ä –ì—É–∫–æ–∞,1595521644121972741
398,Crystal Smith,1596840744504918016
399,Adilet Abibulaev,1596843041180078081
400,–ü–∞–≤–µ–ª –ë—ã—á–µ–∫,1562530427164033026
401,Sandris,156355731
402,–¥–µ–¥,1596836600520101890
403,Karolina,1360546904
404,–î–∞–Ω–∏–ª–æ –°–æ–ª–æ–¥—É–Ω,1583089149988446210
405,Grigori Pauk,1596825126372352001
406,–í–ª–∞–¥–∏–º–∏—Ä –ò–≤–∞–Ω–µ–Ω–∫–æ,1590225445303238657
407,–í—è—á–µ—Å–ª–∞–≤ –ö–æ,1596811283176759298
408,Tiffany Green,1596807655070253057
409,–æ–ª–µ–≥ –∫–∞—Ä–ø–µ–Ω–∫–æ,1577704332996345856
410,Âë®Âè£Â•≥s,1594699427222093825
411,–ß–µ—Ä–µ–≤–∫–æ –õ—é–¥–º–∏–ª–∞,749959223388278784
412,–í–∞–¥–∏–º,1582295281248485377
413,HORIZON SERVICES PLUS,1596794957465092096
414,O–ª—å–≥–∞  –õ–µ–º–∞–Ω—Ç–æ–≤–∏—á,725633563945787393
415,–Æ—Ä–∏–π –õ–∏—Ç–≤–∏–Ω–æ–≤,279551452
416,Palade Veaceslav,248697983
417,Lƒ´va,879245753847341056
418,Marina Rubin,1593137252980465665
419,—à–º–∞—Ç–∫–æ–≤ –∞–Ω–¥—Ä–µ–π,1706885864
420,Jarek Junko,919637708
421,–û–ª–µ–∫—Å–∞–Ω–¥—Ä,1596785128000421890
422,–ë–∏—Ä–≥–∏—Ç,1596790890441359361
423,Ion Ask,1596782377933705217
424,–°–µ—Ä–≥–µ–π –î–ª—É–∂–∞–Ω—Å–∫–∏–π,1206334985319391232
425,zpl,1586795791208927233
426,Roman Shulga,1517265128730898434
427,Shevchenko Ekaterina,1596775212472754177
428,Paslavskyi Yurii,1061391589371731968
429,–ò–≤–∞–Ω –ú–∏—Ä–æ—à–Ω–∏—á–µ–Ω–∫–æ,1596768753253027841
430,–í–∏—Ç–∞–ª–∏–π –ï—Ä—ë–º–µ–Ω–∫–æ,1596766021343481857
431,–î–∞–π–Ω–∞,1596767758246707200
432,–†–æ–º–∞–Ω –î–º–∏—Ç—Ä–∏—à–∏–Ω,1538794398703665155
433,tabakee,1313209287129411586
434,–Æ–ª–∏—è –Æ,1596762346260762625
435,Step Gans,1515629631000432642
436,Konstantin Popov,268757206
437,–Ü–≥–æ—Ä,1590204970904731648
438,–°–µ—Ä–≥—ñ–π,1575859433519067142
439,–û–∫—Å–∞–Ω–∞,1568848974655660033
440,–î–º–∏—Ç—Ä–æ,1498306341760376840
441,–õ—é–¥–º–∏–ª–∞,1596735827039625217
442,–ê–ª–µ–∫—Å–µ–π –ú–∞–∫—Å–∏–º–µ–Ω–∫–æ,332839705
443,maia,1596730957222084608
444,–ì—Ä–∞–Ω–¥ –í—ñ–∫–Ω–∞,1591698311957946369
445,devi bzhinava,1567360770412843008
446,–ñ–µ–ª–µ–∑–Ω—ã–π –î–∂–æ–Ω,493993899
447,–ê–Ω–¥. –°–∞–≤.,1596681235031638024
448,SERHII,1500817629321338884
449,Sinterpup,1228684864670531585
450,Unknown Unknown,1596682056699879424
451,valdis visvaldis,1507697324478373893
452,Nicholas,970491853287120901
453,Iana K,1501593130147225605
454,Ricards.crypto,1596670104984510464
455,–¢–µ–º–∏—Ä–ª–∞–Ω –®–∞–Ω–≥–∏—Ä–µ–µ–≤,1450672374207111169
456,Micha≈Ç Trojak,1550230028645974016
457,—Å–∞–Ω—è,1596660885946253318
458,quentiling,1557038134726168576
459,–ü–∞–Ωi–û,2926645701
460,Iurie Grecu,1579862453353062400
461,Oleksandr,1342039284342288384
462,LEGION,1497572948693209088
463,Shamil Gasanov,1596627290661818368
464,–≤—è—á–µ—Å–ª–∞–≤ –∑–æ—Ç–æ–≤,517596610
465,Adam Sopin,1596624065829249025
466,kostya81,1574431843117662210
467,–Ü–≥–æ—Ä –ó—ñ—Ä—á–∞–∫,1596438068617269248
468,–±—É–ª–∫–∞ —Å –≤–∏—à–Ω–µ–πüçí,1577714986717167616
469,–ù–∞—Ç–∞–ª–∏—è,1526853449480081413
470,Emily Welch,1550728604429975554
471,–ò–ª—å—è üá∫üá¶,1445258312002453508
472,Elena3g,1238151873212944384
473,Zelma,1519076029444378625
474,Nellia1978,1558479684123459585
475,Julia Rubas,1575200048757055489
476,Dzmitry,222113226
477,–°–º—Ç –¢–µ—Ö,1586303211593515008
478,–ê–∏–Ω–∞—à –ñ—É–∞—Å–ø–∞–µ–≤–∞,1596573978151337985
479,vela_botanical_candles,1529207032959614979
480,Johnboanerges,1591699339986206721
481,–õ—ë—à–∞,1596565505631993856
482,Lyffik,1418599142268485635
483,–°–µ—Ä–≥–µ–π –§–µ–¥–æ—Ä—á—É–∫,367285287
484,arsen,1596560918091112455
485,Uciev Sultan,1595356443040956417
486,–ò—Ä–∏–Ω–∞ –Æ—Ä–ª–æ–≤–∞,1594407659347869696
487,Uldis Kalni≈Ü≈°,1596436801471893505
488,–Æ–ª–∏—è,1114620151
489,Mor,1592539355301773312
490,Kerben,986838482063708160
491,R1Lax,1596549284077441026
492,–ù–∞—Ç–∞–ª—å—è –ì—Ä–∏–Ω–µ–≤–∏—á,1596546649777635331
493,Íë≠SteveÍë≠,164675399
494,Aleksandra Tytar,1596546562041286657
495,Serg Chu,1584240829140533249
496,Sergey Chigin,3303962572
497,DM,118974472
498,–ê—Ä—Ç—É—Ä –ú–µ—Ä–∫—É–ª–æ–≤,305025586
499,sviat,2972723631
500,–ú–∞—Ä–∏—è,1596524448508792832
501,–í–∞–ª–µ–Ω—Ç–∏–Ω–∞,1496921504977719301
502,Julia,1501836872301092866
503,Anya Khomenko,60189354
504,Marin Roman,1064798502381867008
505,anime_ top,1596518362514968582
506,gfys,1585928660263075840
507,Tny,1596512030080524289
508,bados123,1596511516248899588
509,Dima*,1594057069526761475
510,Kari Morgan,1535822621421748224
511,Oleg Botnaru,1596421807132889088
512,–û–ª–µ–∫—Å–∞–Ω–¥—Ä –ú–æ–≤—á–∞–Ω,1596500817527332864
513,Valentin,539038027
514,–ú–∏—à–∞,1596487894717325312
515,Naima Haque Nishu,1491739018400497664
516,Bp_,1497213860562018308
517,–õ—é–¥–º–∏–ª–∞ –ú–∏–∫—É–ª—å—á–∏–∫,1585986346014969856
518,Bohdan,1596484917990506497
519,Edgars Cakuls,1596482859484823553
520,–ò–≤–∞–Ω –ê–ª–µ–∫—Å–µ–µ–≤,3373663354
521,Edward,391647219
522,–Æ—Ä–∏–π –ü–∞–≤–ª–æ–≤,1580218534755450880
523,Tamara Kurakina,1596481834124206082
524,–ê–ª—ë–Ω–∞,1596480289890516993
525,–ö–µ–Ω–µ—à–±–µ–∫ –ê–±–¥—Ä–∞–∑–∞–∫–æ–≤,1556437729914798091
526,ANASTASIIA CHYNENKO,1494745445515640833
527,Alex Al,1591072565228871684
528,Semen Grenberg,1596477042412949509
529,Gafurov David,487772612
530,–ê—Ä—Å–µ–Ω –ó–∞–π–Ω–∞–≥–æ–≤,523074646
531,–ê–Ω–Ω–∞ –ó–µ–ª–µ–Ω—Å–∫–∞—è,1357037921468092417
532,–í–ª–∞–¥–∏–º–∏—Ä,1576983593498320896
533,–ù–ê–†–û–î–ù–´–ô –†–û–°–°–ò–ô–°–ö–ò–ô –§–†–û–ù–¢,1592260746515292160
534,–†–∏–º–º–∞ –¢—Ä–∞–π–±–µ—Ä–≥,1586631592893612033
535,Ruslan Andreichenko,1596458033428795394
536,–û—Å—Ç–∞–Ω–Ω—ñ–π –ª—é–¥—Å—å–∫–∏–π –Ω–µ–∑–Ω–∞–π–æ–º–µ—Ü—å,1583691459756269570
537,Alexey,35427121
538,Evgeniy Lvovskiy,1596443226394746880
539,Dimi | –î–∏–º–∞,1494666527156678664
540,Rostislav Kharabara,1596435605889622016
541,–∞–≥–µ–Ω—Ç007 –∞–≥–µ–Ω—Ç007,1596427637055963138
542,–ö–∞—Ä–∏–Ω–∞ –ú–æ—Ä–æ–∑,1581956771232505856
543,alex35plus,1494328116579233794
544,aelizable,1555424367789604866
545,–ò–≤–∞–Ω–æ–≤ –ò–≤–∞–Ω,849288499
546,Christina Henry,1596419020101656576
547,–î–º–∏—Ç—Ä–∏–π –ë–µ–ª–æ–±–æ—Ä–æ–¥–æ–≤,796648157916565509
548,gavaza igor,1421333124055769094
549,–Ü–ª–ª—è –ö–µ—Ä–Ω—ñ—Ü—å–∫–∏–π,1552922008912072704
550,Mirabella88888,1596410528150306816
551,Dinara Bog,1589306987367612424
552,Tamara Gondina,1580084654077579266
553,–ö—É—Ä–Ω–µ–≤–∏—á –í–ª–∞–¥–∏–º–∏—Ä,2265764794
554,Anatoly Bzarov,1497557192194547715
555,–ê–ª–µ–∫—Å–∞–Ω–¥—Ä –ù–∞–∑–∞—Ä–µ–Ω–∫–æ,1567019325340491776
556,Samira,1595690572391530498
557,Anya,1577004225195905079
558,–í–æ–ª–æ–¥—è,1596389418343989248
559,–ö–æ–º–∏—Å—Å–∞—Ä–æ–≤ –û–ª–µ–≥,748452951568580608
560,Sabphire Lab üá∫üá¶‚ù§Ô∏è,1403816081106653185
561,Aleksandra Indyukhova,1591556526476517376
562,Elena,1559754031815442438
563,–î–∞—à–∞ –û–±–ª—É–∫–æ–≤–∞,1522260034020945921
564,–ê–Ω–¥—Ä–µ–π –ö—É–ª–∏–Ω–∏—á,1497308298982436866
565,–ò–≤–∞–Ω –ò–≤–∞–Ω–æ–≤,3120537253
566,Anatolii Vitek,1592233439411015680
567,–°–∞—à–∞,1378419661990207489
568,Tatiana,399209111
569,aliks,1591433205017726978
570,Mammadhuseynov Zaur,1573016966461284353
571,whintforme,1554850508111843331
572,Vladimir Margaryan,1596321705353531393
573,Mihail Rusu,1594577435462336513
574,Sandraüáµüá±‚ù§üá∫üá¶‚ù§,1530117663363633153
575,Svetlana Krasnikova,1495861734006996996
576,Emils Liepa,1596253979238961152
577,–Æ–ª—ñ—è –ü–æ–≥–æ—Ä–µ–ª—é–∫,1546557140587913221
578,Alexandra Nazarova,1513054301698023425
579,Henry üá™üá∫ üá∫üá¶,3318608843
580,vika,1328816261615202305
581,–í–∞–ª–µ—Ä–∏—è –û–Ω–µ—à–∫–æ,1596278560976773120
582,yyevall,1556222463473770496
583,hanajak24,1596279686081953793
584,hisselif,1556656683744649216
585,Isminaz Tokoz,1596264254373519360
586,Ruslan,1586655058644566018
587,–î–∞—à–∫–∞,1593000369960980480
588,Sergii,1596259194092638208
589,–≠–ª–∏—Ç–∞ –ì–∞–µ–≤—Å–∫–∞—è,1591924236091793418
590,Xavier K,3557436982
591,–í–ª–∞–¥–∏–º–∏—Ä –í–∞—à–µ—Ç—å–∫–æ–≤,2765084069
592,–ü–æ—Ä–æ,3314099899
593,–í–∏–∫—Ç–æ—Ä–∏—è –í–∏–∫—Ç–æ—Ä–∏—è,1596242704421330944
594,/,1596240940825460737
595,–°—Ç–∞—Ä–æ–¥–∞–≤–Ω—ñ–π –£–∫—Ä,1588943433720369152
596,–í–∏—Ç–∞–ª–∏–π –ù–∏–∫,1596237795500212224
597,–ö–æ—Å—Ç—è –ö—É–∑—å–∫–æ–≤–∏–π,1579414718896291840
598,Sergejs Krupenins,1596233857874989057
599,–ù–∞—á–∞–ª—å–Ω–∏–∫ —Ü–µ—Ö–∞,1205395699086610432
600,Veciha Galimane,1596225503672909824
601,Art≈´rs Masaƒºskis,1587742782759788545
602,–ö–∞—Ç–µ—Ä–∏–Ω–∞ –Ü–≤–∞–Ω–æ–≤–∞,1592633099355131905
603,Sophia Ilkiv,1596215981784924160
604,–õ–∞—Ä–∏—Å–∞ –°–æ–∫–æ–ª–æ–≤–∞,1596073512757870594
605,–ü–∞–≤–µ–ª,2432147570
606,Vadimvadim Vadimvadim,1596190905358327810
607,–≠–¥—É–∞—Ä–¥ –ù—é—Ö–∞–ª–æ–≤,1596189169696604161
608,Vidal Sirle,1596186951387955200
609,–û–ª–µ–≥ –í–æ—Ä–æ–Ω–æ–π,1596184323215982592
610,–ü–∞–≤–µ–ª,1668573846
611,Stefan Burdila,1578857716142964736
612,Zaman Rehimov,1489503950986489856
613,Serhio,1594430952167510017
614,Popka,1419980449724653571
615,–í—ñ–∫—Ç–æ—Ä—ñ—è –ë–æ–≥–¥–∞–Ω—ñ–≤–Ω–∞ –ß–µ—Ä–µ–≤–∞—Ç—é–∫,1500759790611480576
616,mandarin0895,1596164992713347072
617,Andrii Zakrevskyi,337671259
618,Sergio Falcone,1596159979710455808
619,–§—Ä–∏–∏ –õ–∞–Ω—Å,1596160704456826880
620,–í–∏—Ç–∞–ª–∏–π –†–æ–∑–µ–Ω–±–æ–π–º,288743291
621,Liza,1596136922216382464
622,–õ–∏–¥–∞ –õ–∞–Ω—Å–∫–∞—è,1499769112897196032
623,unalonlydit,1556045530828095488
624,Caidyn.nft,1596139160879960068
625,Fian,1594665037716660224
626,Diaz Mametekov,1595977865601990656
627,TR sai Sai,1596082667002290181
628,UntertitelRusDe,1591471392670744576
629,–ê–ª–µ–∫—Å–µ–π –î–∞—Ü–µ–Ω–∫–æ,1596126728790982659
630,Khrystyna üá∫üá¶,3124019002
631,–ù–∏–∫–æ–ª–∞–π,1596120216345493504
632,Hog Rider,1596119982060052480
633,Jordao Beni,1596115180882202625
634,Vladimir Edapin,1552333684098859008
635,Anna Shneider,1596093592170283010
636,–ú—É—Ä–∑–∏–∫,2380295169
637,–õ–µ—Å—è –ö–æ–∑—ñ–π—á—É–∫,1523268820185632769
638,Dimon,1596091841191071744
639,vahid rajabov,1060390802
640,–ù–∞—Ç–∞–ª—å—è –ë—É—Ä–¥–µ–π–Ω–∞—è,1596087812926935041
641,Marian Fertadi,1573667098596884481
642,Uliana Zuieva,1596071400263090178
643,–Ñ–≥–æ—Ä,1596084365620137984
644,–ê–ª–µ–∫—Å–∞–Ω–¥—Ä –í–æ–ª–æ—à–∏–Ω,400163885
645,Alex Faulkner,1596081197595201539
646,–î–º–∏—Ç—Ä–∏–π –ü–∞–≤–ª–æ–≤—Å–∫–∏–π,1596080276215562241
647,Ro,2794889599
648,Jack Moore,1575516876951666688
649,–ï–≤–≥–µ–Ω–∏–π –ö—É—Ç–ª–æ–≤—Å–∫–∏–π,938562319
650,Sgt.Yokoü™¥,926130104018882561
651,Realist,1028392015
652,OBED AUMA,1596055253752991744
653,Vitaliy Sych,884514914316034049
654,chaldaeus,1596048603419758592
655,SARMƒ™TE ≈†MITE,1596043029214892032
656,Oskars,1130752261188145152
657,–Ñ–≤–≥–µ–Ω,1595758306706034689
658,Irina Snitivkere,1596038161502797824
659,Stela,1568548389263900672
660,Natalia Lisova,1240523166239412224
661,–í–ª–∞–¥–∏–º–∏—Ä –ó–∞–ø–∞–¥—ç–Ω–µ—Ü,1293629528137502722
662,Tanya Vinogradova,1515011933606490120
663,Lassi Rytk√∂nen,1504418841148940289
664,Filip Padureanu,1570439417847844864
665,_MiHa_7_7_7_,1596014918171594752
666,Valeriy Gapich,1592443154522832896
667,–ê–Ω–¥—Ä–µ–π,1504928540810256386
668,My,1504763812863430660
669,Oleksandr Shevchenko,1595827279392817153
670,–ö–æ–∂—É—à–∫–æ –ù–∏–∫–æ–ª–∞–π,2721413521
671,‚ñà‚ñà‚ñà‚ñà‚ñà‚ñà‚ñà‚ñà‚ñà‚ñà‚ñà‚ñà‚ñí‚ñí‚ñí 78%,160446712
672,oquatillart,1550115520933793795
673,Koba,1037026185555992577
674,–†–æ–∂–µ –ö–∏—Ä–ø–∏—á–µ–≤,1585715972106817538
675,brentstory,17666120
676,bichtorn,1595393229666525184
677,Irakli Arveladze,1430474940969586690
678,Anarbek Nassen,1595982203866861568
679,Vladymyr,2434791288
680,–†—ã–±–∞—á–µ–∫,1558881253016981505
681,D7,1595968879888572416
682,–ú–∞–∫—Å–∏–º –ù–µ–Ω–∞–¥,1576999391017275402
683,Nicole Stewart,1595966152777367555
684,Gennadiy Zarudniy,1589553682022105088
685,üá∫üá¶ –ü–æ–ª—ñ–Ω–∞ –õ–∞—Ç–∞–Ω üá∫üá¶üá™üá∫üá™üá∫,1595964964384260096
686,–ê–ª–µ–∫—Å–∞–Ω–¥—Ä–∞ –ß–µ—Ä–µ–¥–Ω–∏—á–µ–Ω–∫–æ,1576871079158628355
687,–í–ª–∞–¥ –ë–∞—à–∫–∞—Ç–æ–≤,1568605150473748481
688,–ë–µ–∫,1588657782500298756
689,Maksik,1342561449168801792
690,Max Power,467174281
691,T1,550715790
692,DOROTA,1513295953603796995
693,MaxFox,1570639568944119809
694,–í—ñ–∫—Ç–æ—Ä—ñ—è –ö–æ–Ω—Å—Ç–∞–Ω—Ç–∏–Ω–æ–≤–∞,1595908294098489345
695,osokinnnnnnn,1531585954607161347
696,tterewew,926760353878253568
697,Artur Kazarian,1595900167667990530
698,–í–∏—Ç–∞–ª–∏–π –ñ–∏–∂–∞–Ω–æ–≤,1576624669863591938
699,–í–∏–∫—Ç–æ—Ä –ì–Ω–∏–±–∏–¥–∏–Ω,801410400
700,frankfurt777tv,3067378552
701,Game_Pla1er,1595885779552804864
702,Volodymyr Nogas,1492264897215934471
703,–ò–Ω–Ω–∫–∞ –õ–æ,1595880121776410624
704,–û–ª–µ–∫—Å–∞–Ω–¥—Ä –ë–æ–π—á—É–∫,1595880393009414145
705,Ion Spataru,2227556057
706,–Ü—Ä–∏–Ω–∞ –ë–µ–≥–∞–ª—å,1579782084033396736
707,Alena Myhammad,1595873033851379712
708,–õ—é–¥–º–∏–ª–∞ –õ–∞–≤—Ä—É—Ö–∏–Ω–∞,1595870596847570944
709,Slava Ukraini!üíôüíõ PutinKhuylo! AMSTERDAM XXX üá≥üá±,1494270930188648454
710,Vlad Nakamotov üá∑üá∫ üá∫üá∏,1478050942612393985
711,Inese Kivleniece,1440707551650217996
712,sergey1516,1511357934332264452
713,–ê—Ä—Ç–µ–º –ì–µ–Ω–Ω–∞–¥—å–µ–≤–∏—á,1595854221005422602
714,–ß—ë—Ä–Ω—ã–π –®–∞–º–∞–Ω,1595373362724966400
715,Den,1584035662801649667
716,Nataliia,1589208967603011586
717,Anita,430674501
718,–ù–∞—Ç–∞–ª—ñ—è –¢–∞–±–∞—à–Ω—é–∫,1577018137903603712
719,–ù–∞–¥—ñ—è –ö–∞–ª—ñ—à,1595835562413400076
720,–ò–≤–∞–Ω –†–∏–º—Å–∫–∏–π,1497282188848549888
721,–ê–ª–µ–∫—Å–µ–π –ê–ª–µ–∫—Å–µ–µ–≤–∏—á –¶—É–±–∏–Ω,1592012196300603392
722,–í–æ–ª–æ–¥–∏–º–∏—Ä,1568292413453524993
723,–ú–∞—Ä–∞—Ç –ò—à–º—É—Ä–∞—Ç–æ–≤,1479762730747940872
724,–°–æ—Ñ—ñ—è,1584283941585952771
725,–ë–µ–π–±–∞,1595797839363317763
726,Louis√® Rautenbach,1595775623573692416
727,Irina Kovalenko,1497555547431784450
728,Kobylnik Yaroslav,1595800871161430016
729,Evgenia Teperina,1519866373820022784
730,Nikolas Kohetov,1595797170610921472
731,range prp,1444437910367973378
732,–°–≤–µ—Ç –ú–∏—Ö–∞–∏–ª–æ–≤,1576669092827766784
733,sambukaüíôüíõüá±üáπ,1595125816815501330
734,Weo,1595776327579303936
735,Kanat Uteshov,1595772002207506439
736,–ú—É—Å—Ç–∞—Ñ–∞ –ê–Ω–Ω–∞,1496443343110381569
737,Mihaela &$‚Ç¨&,1595766539751493632
738,Oleg,2935013104
739,Aleksandra Marusich,1595750730882752513
740,–Ñ–≥–æ—Ä –ú—ñ—Å—é—Ä–∞,1594329353873154049
741,VeraLucy,1595486893172744192
742,Iuliana Zavulan,1578746994100690944
743,Raton Ahmed,1587793997044805637
744,Konstantin Drobzhev,3587703921
745,–Æ–ª–∏—è,3434641474
746,Lera Bezushchenko,1595743185141129216
747,–°–µ—Ä–≥–µ–π –í–æ–¥—è–Ω–æ–≤,318775693
748,Rasma,1595476966655901715
749,Sergeyev Victor,1124978779879813120
750,–î–µ–Ω–∏—Å,1593210792798715904
751,Natalia Meyer,1595452010836508672
752,InƒÅra MukƒÅne,1595720920294899712
753,–°–∞–±–∏–Ω–∞ –ú–∞—Ä—Ç—ã–Ω—é–∫,783178314
754,–Ø—Ä–æ—Å–ª–∞–≤,1281907774692233216
755,Mtg_74,1595714386991218688
756,Korsakov,718960081
757,–°–∫–∏—Ñ,1592612674126364676
758,Victor Macabre,1389851900611383298
759,—é—Ä–∏–π,1095434980816244737
760,–ê—Ö–º–µ–¥–æ–≤ –†–∞—Ö–∏–ª,1475486483800801284
761,vedran kacic,1515944391277428738
762,–¢–∞—Ç—å—è–Ω–∞,1595672255098490883
763,curiouscat,1571198171413417989
764,ElmƒÅrs Skanis,1575227280506355714
765,–ì–µ–Ω–Ω–∞–¥—ñ–π –ù–µ—Ä—É—à–µ–Ω–∫–æ,1595670508003016704
766,–ú–∞—Ä–∏–Ω–∞ –°–∏–Ω–∏—á–∫–∏–Ω–∞,746936995897802752
767,–∞–Ω–¥—Ä–µ–π –±–æ–≥–¥–∞–Ω–æ–≤,1452989463634878473
768,Irinka Irinka,1595657216161374209
769,–û–ª–µ–∫—Å–∞–Ω–¥—Ä –î–æ—Ä–æ—à–µ–Ω–∫–æ,1595651449047883776
770,Sergey Mogulko,1562390469191290883
771,Kazandzhyan@gmail.com Kazandzhyan,1595475813331353606
772,Kateüñ§,1595627174316449793
773,–Æ—Ä–∏–π –ì–æ–Ω—á–∞—Ä–µ–Ω–∫–æ,1579152365063643137
774,–£—Å—Ç–∏–Ω –õ–∞–Ω–æ–≤–æ–π,1595598298513113093
775,geps,1595583839652519941
776,–Ω–∏–∫–æ–ª–∞–π,4446279214
777,–Æ–ª—ñ—è –ë–µ—Ä—É—á–µ–Ω–∫–æ,1505279349246808064
778,simalgel,1595567463818723329
779,Ruhl,1524818358348267521
780,Ismail Hasymov,1555989050540134404
781,Charles Beaudoin,1201202101579395072
782,–û–ª—å–≥–∞ –†–µ–¥–∏—á,1595551022331592704
783,–Æ—Ä–∏–π –ë–∞—Ä–∞–±–∞–Ω—â–∏–∫–æ–≤,1595546343061200904
784,Carolyn Foreman,1595542890192715778
785,Lucia,1498058925324783619
786,Alina,1595538070325051394
787,Yuuuliii,1595536805331345416
788,vytis,1595528216558592017
789,–ú–∏—Ö–∞–∏–ª –ß–µ—Ä–Ω–æ–≤,1698949549
790,SakuraOlala,1591441034277535745
791,Iryna Berber,1595512818660524033
792,Camilla Rolls,1595513117085163523
793,pastor_vasiliykobal,1582727209948782592
794,–í–∞–ª–µ—Ä—ñ–π –°–ª–æ–±–æ–¥–µ–Ω—é–∫,1159894486081818624
795,–ù–∞—Ç–∞–ª—å—è –í–ª–∞–¥–∏–º–∏—Ä–æ–≤–Ω–∞ –°–ª—é—Å–∞—Ä–µ–Ω–∫–æ,1535993508770758658
796,Kyslovskyi Alexandr,1499529178055680004
797,–ê–Ω–Ω–∞ –ü–æ—Ç–∞–ø–µ–Ω–∫–æ,1595499241971060763
798,–ò–≥–æ—Ä—å,1595425144490565633
799,–ò—Ä–∏–Ω–∞ –ü–∞–≤–ª–æ–≤–∞,991591945
800,üêà‚Äç‚¨õ,1595486095348842499
801,Ferdi Persidski,1595316796130824193
802,–í–æ–ª–æ–¥,1595485445659541512
803,zoya vlasenko,1595477453560070156
804,–ò—Ä–∏–Ω–∞ –ö–∞—Ä–µ–≤–∞,1384785936794411008
805,Igor Mindru,1595485183620399116
806,Liudmyla Vashchenkova,1496743524284436482
807,elizaveta,1595477467904593922
808,–ê–Ω–¥—Ä–µ–π,195622207
809,–í–∞–ª–µ—Ä—ñ—è –õ—é–±–µ—Ü—å–∫–∞,1595477882872233984
810,Chess_Queen,1582132101058543642
811,–ê–ª—É–∫–∞—Ä–¥–æ–≤–Ω–∞,1595447284010983425
812,kaspars eksteins,1595474904157241344
813,–°–ª–∞–≤–∞ –õ—É–∫—å—è–Ω–æ–≤,1595475090698911760
814,–í–∏—Ç–∞–ª–∏–π –°–µ–Ω—å,1594976515032322057
815,Kunz Ludmilla,1592961888819855360
816,–ù–∞—Ç—è–Ω—É—Ç–∞—è –¢–µ—Ç–∏–≤–∞,405587052
817,paul,1589965071656095744
818,–í—ñ—Ç–∞–ª—ñ–π –°–ª–æ–±–æ–¥—è–Ω,1595458103318925312
819,Boris Bobrov,54088914
820,Serhij,1595455514011467777
821,Allanika,3387772737
822,ytdhjkju2008,1542356908631285760
823,–ï—Ä–º,1595432479229415427
824,Eduard Volkov,103048574
825,"i6nake9üéèüõ∏ (üíô,üß°)",887942414333341696
826,–ê–ª–µ–∫—Å–∞–Ω–¥—Ä,291567935
827,–í–∏–∫—Ç–æ—Ä,1595423787985653760
828,Baaze,1595424429235904515
829,Opoku Bright,1574684500440793088
830,Lucinda Quinga,1595421387094736900
831,Vilmars Mikelsevics,1559200693214494720
832,Edijs Haberkorns,113381468
833,Julia Lisens,330249812
834,umenibocecap,1595401941374361600
835,–¢–∞—Ç—å—è–Ω–∞ –¢—Ä–æ—Ñ–∏–º—á—É–∫,1595396748184375299
836,molex,1467474385040773124
837,Desert-Bande_Rose,1431090427671818240
838,yulia,1595389809782149121
839,0–ª–µ–≥ –ß–µ—Ö,1595388527788843008
840,–í–∞–ª—è,1595381929641115648
841,Lia Lia,1595376925421215744
842,Stanislav Zimin,1595370878853939200
843,Vytas Macevicius,1583494257788297217
844,–ö–ª–∏–Ω—Ü–æ–≤ –°–µ—Ä–≥–µ–π,2824673485
845,–î–∏–º–∞ –®–∞–ø–æ–≤–∞–ª,1595236558281605120
846,Martynas,386700134
847,Roman Perih,981078952256163840
848,Paula Vikaine,705852359499382785
849,–°–∞—à–∞ –ú–∞—Å–Ω–∏–π,1595357550932905985
850,Skrefall,1595353076818448386
851,–î–∞–Ω–∏—ç–ª—å –ö—É–∑–Ω–µ—Ü–æ–≤,1592105390581358592
852,Serge Kretsu,2829470521
853,üáµüáπ,1562372634394107908
854,–õ–∏–ª–∏—è –ì—Ä–∏–±—Ü–æ–≤–∞,1577535385881698304
855,–§–µ–¥–æ—Ä –í–∞—Å–∏–ª—å–µ–≤,1581986113442430976
856,–Ü–≥–æ—Ä,857670661027790848
857,Narmina Narmina,1515432143060623361
858,–°–µ—Ä–≥—ñ–π –©–µ—Ä–±–∏–Ω–∞,1594637328231931904
859,Andris Podnieks,1545480693945335808
860,tiippazadab,1595323226275602432
861,–ê–Ω –î–æ—Ä,1560622800766873602
862,Alex,342205257
863,–ê–Ω–∞—Ç–æ–ª–∏–π –ì–µ–Ω—Ä–∏—Ö–æ–≤–∏—á –ö–∞–º–∏–Ω—Å–∫–∏–π,1595317815426355200
864,–ê–Ω–∞—Ç–æ–ª–∏–π –î—É—Ö–Ω–µ–≤–∏—á,1595317908615438336
865,–∞–Ω–¥—Ä–µ–π –∫–µ–¥–∏—á,1595314647355252736
866,ƒ∞lqar Official,1595310273283457024
867,Milan,1568631683619905537
868,Nemra,1587532674629079041
869,Vitalii Nezamai,1589127441074774020
870,Yunaüòéüî™üî™,769965876300873728
871,Ol4ik,1498395261395157005
872,Ditoawaronun,1595306697949696000
873,Tearonedotesut,1595306197531430912
874,Anna,1595304784487227394
875,Mohiobanezugozu,1595303639819730944
876,–ò–≤–∞–Ω –ò–≤–∞–Ω–æ–≤,1587744162828492803
877,–ï–ª–µ–Ω–∞ –ì—Ä—É–º–µ–∑–∞,1595299084751052801
878,Rich Films,1595297073062203392
879,sakkura666,4135171523
880,2000 Fki,1595292780032557057
881,Gizo Pareulidze,182903797
882,Andrey,1317161180293718016
883,Magaz,1595285903718715392
884,hotazatiidatoda,1595284277758935040
885,Kamilla Garabaghli,1284779473896972289
886,Neleheesonotuho,1595282089900900352
887,–†–æ–º–∞–Ω,1511271132267261953
888,–ò–Ω–Ω–∞,1595186576061071360
889,tunoleitianate,1595264331108827139
890,–†–∞–º–∞–∑–∞–Ω–æ–≤ –Ü–ª—å—è—Å,1591501217494089729
891,nolitatii,1595259796088922115
892,rotesebatopayey,1595251600003665921
893,Sergey63,1595247013184126977
894,radianceüåô,1595244393308585985
895,–Ø –í –ü–û–†–Ø–î–ï ...,1595242950312824833
896,Junihofasunine,1595241127162138630
897,–Æ–ª—ñ—è,1595218152803258370
898,–†–∞–º–∏–Ω—Ç–∞ –õ–µ–∂–µ–Ω—Ü–µ–≤–∞,1595213291038597122
899,Galina,1560347880686239747
900,tutesitosis,1595209466915569665
901,–õ–µ–æ–Ω–∏–¥–∞,1595199941957373954
902,Olay Hdhdg,1595198167829680129
903,–ë–æ—Ä–∏—Å–ª–∞–≤ –î–µ—Ä–∫–∞—á—ë–≤,1595193075797729287
904,–ê–Ω–∞—Ç–æ–ª–∏–π –ë–µ—Ä–∫–∞—Å–æ–≤,1595189865318125572
905,–ú–∏—Ö–∞–π–ª–æ,1595189338547130368
906,Igor,1595185556706689026
907,–ú–∏—Ö–∞–∏–ª –Ø—Ü–∫–∞–Ω–∏—á,1594074523812364288
908,–î–∞–Ω–∏–ª –ò–≤–∞–Ω–æ–≤,1595187239499210753
909,–°–∞–Ω—è –ü–∞—Ü–∞–Ω,1595185452050522112
910,–ú–∞—Ä–∏–Ω–∞,1416665964377223171
911,–õ—é–¥–º–∏–ª–∞ –ö–∞—Ä–∞–≥–æ–¥–∏–Ω–∞,1595181590446997506
912,Martynova Elizaveta,1595182110792466432
913,Nata_Li üá∫üá¶,1595179142768726017
914,–ï–≤–≥–µ–Ω–∏—è –ö–æ–≤–∞–ª–µ–Ω–∫–æ,1595179099772932101
915,–†—É—Å—Ç–∞–º –®—É—Ä–æ–≤,1595177324135202817
916,Bohdan Kopak,1595172643078082569
917,wakanda forever l,962750968415903745
918,–ê—Ä—Ç—É—Ä –ü–∏—Ä–æ–≥–æ–≤,1595170901401735407
919,Molly,1595170960969240617
920,Pazominizenina,1595164028627783704
921,Anita,841015227080671232
922,Marina,1595155486675959808
923,–î–º–∏—Ç—Ä–æ,1507473752015126530
924,Dima Litvinov,1595149887494045702
925,Siroga Marokishko,1595147307745525771
926,Vital Stalk,1595147264745521169
927,–¶–≤–µ—Ç–∞–Ω–∞,1595146677714927625
928,–ü—Ä–∞—Å–∫–æ–≤—å—è,1595146323631783966
929,–î–∞–Ω–∏—ç–ª–∞,1595145874413436933
930,–õ—é–¥–º–∏–ª–∞,1595145497551028257
931,–û–∫—Å–∞–Ω–∞,1595145305678307329
932,–ò–ª–æ–Ω–∞,1595144831898206210
933,–ê—É—Ä–µ–ª–∏—è,1595144466825887744
934,–í–µ—Å—Ç–∞,1595144255349178396
935,–†–µ–≥–∏–Ω–∞,1595144164815126552
936,mandetananata,1595144242187452430
937,todesahatheaso,1595135930159009792
938,–ú–∞—Ç—ë—Ä—ã–π —Å—Ç–µ–ø–Ω–æ–π —à–∞–∫–∞–ª,1031237750
939,–°–∏–¥–æ—Ä—á—É–∫ –ê–ª–µ–∫—Å–∞–Ω–¥—Ä,1595127209135685645
940,ndexureseaqoh,1595127045985816576
941,g_r_i_s_h_a_3.6.3,1399797052125634562
942,Anna Zubar,1595122841715970048
943,–í—ñ–∫—Ç–æ—Ä,1470228433414377476
944,highmodern,345997491
945,Anel Rmzn,707208866627321857
946,Olena Korniienko,1585899928223612929
947,Azaliya Najmiden,3311083622
948,–®–∞—Ä–∏–ø–∞ –î–∞—É–∂–∞–Ω–æ–≤–∞,471197987
949,–ê–Ω—Ç–æ–Ω–∏–Ω–∞,1595104128098881536
950,–ò–≥–æ—Ä—å –ñ—É—á–µ–Ω–∫–æ,1526853632490196996
951,–ù–∏–Ω–∞,1595101080702124034
952,Russian Mouflon,1589140945366384641
953,Serhii,1387155142143787011
954,–û–¥–µ—Ç—Ç–∞,1595098560231608330
955,–ê–≥–∞—Ñ—å—è,1595098298226036741
956,–§–∏–ª–∏–ø–ø–∏–Ω–∞,1595097696800579585
957,–°—Ç–∞–Ω–∏—Å–ª–∞–≤ –ú–∞—Ç–≤–µ–µ–≤,1595096085227339776
958,–í–ª–∞–¥–ª–µ–Ω–∞,1595097486355582984
959,versa versa,1446160251263365127
960,Valeriia_Telcharova,1595024141324779521
961,–ì—Ä–µ—Ç–∞,1595088887227076611
962,Mekhrozhidin Davlatov,1595070030793826305
963,–õ–µ—Å—è,1595085731050946562
964,Reubazedozocaz,1595079205842305024
965,–ù–∞—É–º–µ–Ω–∫–æ –í–∞–Ω—è,1595076031781781505
966,Irene Terenia,1528412996032249864
967,Otureganoxo,1595072738460405762
968,Nick Ladchenko,1595069995276460032
969,N,1595066190807928833
970,Aleksandrs Beƒºavskis,1595052615527694340
971,Fahriddin,1571052411980075008
972,@jlenckuu,1595049956213235713
973,–°–∞–Ω—è,1595051388593119232
974,Alla Belousova,1595048038489260034
975,Geraletetavis,1595048433873813504
976,tihonnoneqaho,1595045458451333122
977,CodePenEscct,1595040123799887876
978,–¢–∞—Ç—å—è–Ω–∞,1595038557479096321
979,Altair,1595036769568841736
980,–ù–∞–∑–∞—Ä –ë—ñ–ª—å–º–∞–∫–æ–≤—Å—å–∫–∏–π,1595038928066715650
981,Galina Abramzon,1595033435675959297
982,Vasilii,1595032117330706435
983,Tero Nikolauskas,1228930059852861440
984,–û–∫—Å–∞–Ω–∞,1595030896540778496
985,Daimars Lubins,1595027957436891136
986,Stepan Oksanichenko,1602786828
987,rus –Ω—ñ peace –¥–∞,1574472953705762840
988,–í—ñ–∫—Ç–æ—Ä –®—ñ–Ω–¥—ñ–Ω,1595018049270202376
989,Safehunohun,1595018123329126401
990,Tuheibibaraz,1595013139443191808
991,Alina Udovychenko,1595009251155517441
992,–ê–Ω–¥—Ä–µ–π –ê—Ä–∏–ø–æ–≤—Å–∫–∏–π,1595006878307782663
993,–ù–∞—Ç–∞–ª–∏—è –ï—Ç–µ–Ω–∫–æ,1592532294480400385
994,osinatallosa,1595004955957551105
995,Atebehonedinola,1594999532860866564
996,Yaryna Manischyk,1547306520047673345
997,nihedetataferu,1594998234128187392
998,–≥—ç–≥–∏ –∏ –∫–µ–∫–∏,1176966280655572992
